"sep=,"
"received_message","pattern_matching","reply_message","multiple_replies","multiple_reply_delay","multiple_reply_delay_max","recipients","contacts","ignored_contacts","reply_delay","reply_delay_max","specific_times","monday","tuesday","wednesday","thursday","friday","saturday","sunday","pause_type","pause_value","disabled","subrule_of","go_to_rule","req_screen_off","req_charging","req_silent","req_do_not_disturb","req_car_mode","prev_rule_timeout","priority_alert","probability","package_names","label"
"hi nezubot","none","Hii ! Dengan bot Nezu (‚Å† ò‚Å†·¥ó‚Å† ò‚Å†‚úø‚Å†)\n\nketikkan */menu utama*\nohiya jika aku tidak menjawab berarti keyword km salah atau tidak tersedia jawaban yaa","single","","","b","","","","","0","","","","","","","","seconds","0","0","","",,,,,,,,,,
"/menu utama","none","HEy ! Dengan Nezu disini ! Siap membantu ‚ô°\n (Ôº†Ôºæ‚ó°Ôºæ) \n„ÄêMENU UTAMA„Äë\n‚îè------------------------\n‚îä Pilih kata tebal dibawah ini! (tulis kembali ya)\n üèï„Äî *Toram Onlen* „Äï\nüèòÔ∏è „Äî *Cara Sambut anggota baru* „Äï\n üìù„Äî *Catatan* „Äï\nmengasikkan dikala bosan  „Äú(^‚àá^„ÄúÔºâ\nüì∫„Äî *Konten Toram* „Äï\n üíå„Äî *Support and donate* „Äï\n‚îï------------------------","single","","","b","","","","","0","","","","","","","","seconds","0","0","","",,,,,,,,,,
"toram onlen","none","Hi Toramers! Ini fitur untuk kamu yah üòä<#>| */List code buff* | */Leveling* | */Farm* |","all","","","b","","","","","0","","","","","","","","seconds","0","0","","",,,,,,,,,,
"/list code buff","none","*List Code Buff Toram Online*\n*ATK*\n5010007 lvl 8\n4147129 lvl 6\n\n*MATK*\n1011133 lvl 4\n\n*STR*\n1110033 lvl 10\n4016699 lvl 10\n7070777 lvl 10\n7031997 lvl 10\n1011069 lvl 10\n\n*DEX*\n2020222 lvl 10\n7011001 lvl 10\n1010058 lvl 10\n1010106 lvl 10\n5010092 lvl 10\n\n*INT*\n2020707 lvl 10\n1032222 Ivl 10\n6061294 lvl 10\n1010489 lvl 10\n6010701 lvl 10\n\n*AGI*\n7162029 lv 10\n3192311 lvl 8\n\n*VIT*\n2020909 lvl 9\n5130123 lvl 9\n\n*CRIT RATE*\n1100000 lvl 10\n1010006 lvl 10 \n1010092 lvl 10 \n1010017 lvl 10 \n1010050 lvl 10 \n1011010 lvl 10 \n1012000 lvl 10 \n7162029 lvl 10 \n1069927 lvl 10 \n1012000 lvl 10\n6010214 lvl 9\n\n*ACCURACY*\n4261111 lvl 10\n1010013 lvl 9\n\n*W. ATK*\n1010099 lvl 10\n1011126 lvl 10\n6010024 lvl 10\n2020404 lvl 10\n2010136 lvl 10\n1017621 lvl 9\n\n*AMPR*\n1023040 lvl 10\n3062728 lvl 10\n1010017 lvl 10\n1010092 lvl 10\n1010006 lvl 10\n5240001 lvl 10\n1010050 lvl 10\n1019696 lvl 10\n3226325 lvl 10\n5010103 lvl 10\n\n*MP*\n1010216 lvl 10\n3080021 lvl 10\n6010021 lvl 10\n6052000 lvl 10\n7010047 lvl 10\n6070013 lvl 10\n7261580 lvl 7\n\n*HP*\n3011143 lvl 10\n1180755 lvl 10\n1010032 lvl 10\n1010084 lvl 10\n1010101 lvl 10\n1011945 lvl 10\n1222002 lvl 10\n\n*-AGGRO*\n1010038 lvl 10\n1010002 lvl 10\n6010009 lvl 9\n2020808 lvl 9\n\n*+AGGRO*\n3030110 lvl 10\n6262000 lvl 9\n1013000 lvl 9\n\n*P. RESIST*\n1020001 lvl 10\n1100000 lvl 10\n1018989 lvl 9\n1100000 lvl 9\n\n*M. RESIST*\n1010004 lvl 10\n2020505 lvl 10\n5246969 lvl 10\n\n*DTE EARTH*\n3210103 lvl 9\n2020202 lvl 9\n2022222 lvl 8\n2020202 lvl 8\n4083005 lvl 8 \n2099876 lvl 7\n1010174 lvl 7 \n5240001 lvl 7\n3011143 lvl 7\n1016646 lvl 7\n1010002 lvl 6\n\n*DTE DARK*\n3210104 lvl 9\n5010092 lvl 9\n6010003 lvl 8\n1010006 lvl 7\n1016646 lvl 7\n1091111 lvl 7\n3030069 lvl 7\n\n*DTE FIRE*\n3210106 lvl 9\n7011001 lvl 8\n1010799 lvl 7\n1012610 lvl 5\n\n*DTE WIND*\n3210101 lvl 9\n3030303 lvl 8\n1010055 lvl 7 \n4099876 lvl 7   \n1010055 lvl 7\n\n*DTE WATER*\n3210100 lvl 9\n7150030 lvl 9\n3062111 lvl 8\n7011001 lvl 8\n1110007 lvl 7\n3226325 lvl 6\n\n*DTE LIGHT*\n3210105 lvl 9\n1020345 lvl 9\n4046666 lvl 8\n4016699 lvl 6\n\n*DTE NEUTRAL*\n3210102 lvl 9\n3099876 lvl 7\n1011902 lvl 7\n6061294 lvl 7\n1019696 lvl 6\n1032727 lvl 5\n\n*Drop Rate* \n4196969 lvl 5","single","","","b","","","","","0","","","","","","","","seconds","0","0","","",,,,,,,,,,
"/leveling","none","Kamu level berapa sekarang kak ? (‚äôo‚äô)Ôºü\nBiar ku pandu ya ‚âßÔπè‚â¶\nUntuk menggunakan fitur ini\nDengan mengetikkan *lvlg* kemudian level mu „ÉΩ(^„ÄÇ^)„Éé\nContoh : *lvlg 180*\nPerhatikan!!\n*Kalau tidak muncul coba lewat 3 lvl atau 5 lvl dari lvl nya*\nJika bingung dengan fitur ini coba lah untuk membaca panduan terlebih dahulu ^^ klik *Catatan*","single","","","b","","","","","0","","","","","","","","seconds","0","0","","",,,,,,,,,,
"/farm","none","Yoshh master (‚óï‚Äø‚óï‚úøÔºâ Material apa yang ingin kamu farm? \nAku merekomendasikan menggunakan mage farm dengan status LUK dan level tinggi / damage tinggi! \n~ */Fauna* \n~ */Kayu* \n~ */Kain* \n~ */Logam* \n~ */Obat* \n~ */Mana*\n~ */Spot farm spina*","single","","","b","","","","","0","","","","","","","","seconds","0","0","","",,,,,,,,,,
"catatan","none","*Catatan* : Nezu bot terkadang akan dinonaktifkan di waktu yg tak menentu, ikuti update terbaru di Facebook (Limz Timez) yaa\n\njangan sampai ketinggalan info dan update menarik nya	‚ô°(>·¥ó‚Ä¢)\n\n*Nezu bot merupakan bot wa yang dibuat pada 24 juni 2023*\n\nBot ini masih dalam pengembangan jadi untuk kalian yang mau support bot ini menjadi lebih bagus langsung saja ke menu *support and donate* (‚Å†‚óï‚Å†·¥ó‚Å†‚óï‚Å†‚úø‚Å†)\n\nJika kalian panggil nama nya ia akan menjawab, kalian bisa mengobrol dengan Nezu menggunakan kalimat umum / dengan mengetik */menu utama*\n\nTidak semua bisa dijawab bot.\n~ Beberapa fitur hanya bisa diakses melalu chat pribadi (tidak bisa chat grup)","single","","","b","","","","","0","","","","","","","","seconds","0","0","","",,,,,,,,,,
"konten toram","none","Hi guys pemilik Nezu bot adalah youtuber toram indonesia dengan konten toram yang bermanfaat.\n\nKalian bisa menikmati konten-konten nya melalu sosial media nya.\nSilahkan klik link dibawah ini untuk detailnya yaa..\nhttps://youtube.com/@GESPER23?feature=share7","single","","","b","","","","","0","","","","","","","","seconds","0","0","","",,,,,,,,,,
"support and donate","none","Hei ! Tertarik ingin donasi dan support ke Nezu bot? :3\n\nhttps://saweria.co/Nezuuu\n\nBtw dengan *donate bot* minimal 10k bot lebih semangat untuk perkembangan lanjut (‚Å† ò‚Å†·¥ó‚Å† ò‚Å†‚úø‚Å†)","single","","","b","","","","","0","","","","","","","","seconds","0","0","","",,,,,,,,,,
"/fauna","none","HeeÔΩ°‚Å†‚óï‚Å†‚Äø‚Å†‚óï‚Å†ÔΩ° Kamu membutuhkan material Fauna, tenang Nezu akan kasih tau tempatnya (‚Å† ò‚Å†·¥ó‚Å† ò‚Å†‚úø‚Å†)\n\n*~Celeng Kecil Mesin* (Lv 99)\nUnsur: Bumi\nPeta: Lembah Dalam Sykea\nDrop:\n Azimat Taring Hewan \n Bulu Hewan Kasar\n Tanduk Baja\n Botol Tenaga\n\n*~Underground Nemico* (Lv 109)\nUnsur: Angin\nPeta: Saluran Bawah Tanah Ultimea: Tenggara\nDrop:\n Bijih Mithril \n Tameng Imperial \n Kuping Kelelawar\n Syal Lembut\n\n*~Lettacia* (Lv 220)\nUnsur: Bumi\nPeta: Depan Boma Konda\nDrop:\n Daun Kepala\n Ekor Spiral\n Air Mata Saponin\n Jepit Rambut Schmet\n\n*~Nagakor* (Lv 216)\nUnsur: Api\nPeta: Terowongan Cobaan\nDrop:\n Ekor Panas Dahsyat\n Tanduk Panas Dahsyat\n Cairan Membara\n Panah Ekor Membara","single","","","b","","","","","0","","","","","","","","seconds","0","0","","",,,,,,,,,,
"/kayu","none","HeeÔΩ°‚Å†‚óï‚Å†‚Äø‚Å†‚óï‚Å†ÔΩ° Kamu membutuhkan material kayu, tenang Nezu akan kasih tau tempatnya (‚Å† ò‚Å†·¥ó‚Å† ò‚Å†‚úø‚Å†)\n\n*~Ivy* (Lv 151)\nUnsur: Bumi\nPeta: Kuil Naga Kegelapan: Tengah\nDrop:\n Sulur Rambat\n Batang Tebal Muda\n Kentang\n Panah Duri","single","","","b","","","","","0","","","","","","","","seconds","0","0","","",,,,,,,,,,
"/kain","none","HeeÔΩ°‚Å†‚óï‚Å†‚Äø‚Å†‚óï‚Å†ÔΩ° Kamu membutuhkan material kain, tenang Nezu akan kasih tau tempatnya (‚Å† ò‚Å†·¥ó‚Å† ò‚Å†‚úø‚Å†)\n\n*~Underground Nemico* (Lv 109)\nUnsur: Angin\nPeta: Saluran Bawah Tanah Ultimea: Tenggara\nDrop:\n Bijih Mithril \n Tameng Imperial \n Kuping Kelelawar\n Syal Lembut\n\n*~Malaikat Gelembung* (Biru) (Lv 143)\nUnsur: Air\nPeta: Kuil Para Dewa: Area 2\nDrop:\n Cincin Prisma \n Halo Terputus\n Kain Berkilau Misterius\n Kerikil Dewa\n\n*~Potum Semedi* (Lv 132)\nUnsur: Cahaya\nPeta: Koridor Heresi\nDrop:\n Celemek Robek\n Sayap Nirwana\n Vaccine I\n Gelang Nirwana","single","","","b","","","","","0","","","","","","","","seconds","0","0","","",,,,,,,,,,
"/logam","none","HeeÔΩ°‚Å†‚óï‚Å†‚Äø‚Å†‚óï‚Å†ÔΩ° Kamu membutuhkan material Logam, tenang Nezu akan kasih tau tempatnya (‚Å† ò‚Å†·¥ó‚Å† ò‚Å†‚úø‚Å†)\n\n*~Celeng Kecil Mesin* (Lv 99)\nUnsur: Bumi\nPeta: Lembah Dalam Sykea\nDrop:\n Azimat Taring Hewan \n Bulu Hewan Kasar\n Tanduk Baja\n Botol Tenaga\n\n*~Malaikat Gelembung* (Biru) (Lv 143)\nUnsur: Air\nPeta: Kuil Para Dewa: Area 2\nDrop:\n Cincin Prisma \n Halo Terputus\n Kain Berkilau Misterius\n Kerikil Dewa\n\n*~Laduro* (Lv 217)\nUnsur: Bumi\nPeta: Terowongan Cobaan\nDrop:\n Kain Maling\n Mineral Cantik\n Bola Mata Redup\n Tudung Mencurigakan","single","","","b","","","","","0","","","","","","","","seconds","0","0","","",,,,,,,,,,
"/obat","none","HeeÔΩ°‚Å†‚óï‚Å†‚Äø‚Å†‚óï‚Å†ÔΩ° Kamu membutuhkan material obat, tenang Nezu akan kasih tau tempatnya (‚Å† ò‚Å†·¥ó‚Å† ò‚Å†‚úø‚Å†)\n\n*~Grape Jelly* (Lv 110)\nUnsur: Gelap\nPeta: Saluran Bawah Tanah Ultimea: Tenggara\nDrop:\n Ribbon\n Cairan Asam Manis\n Agar-Agar Merah Ungu\n Batu Ultimea\n\n*~Lettacia* (Lv 220)\nUnsur: Bumi\nPeta: Depan Boma Konda\nDrop:\n Daun Kepala\n Ekor Spiral\n Air Mata Saponin\n Jepit Rambut Schmet","single","","","b","","","","","0","","","","","","","","seconds","0","0","","",,,,,,,,,,
"/mana","none","HeeÔΩ°‚Å†‚óï‚Å†‚Äø‚Å†‚óï‚Å†ÔΩ° Kamu membutuhkan material mana, tenang Nezu akan kasih tau tempatnya (‚Å† ò‚Å†·¥ó‚Å† ò‚Å†‚úø‚Å†)\n\n_*non event summer*_\n*~Laduro* (Lv 217)\nUnsur: Bumi\nPeta: Terowongan Cobaan\nDrop:\n Kain Maling\n Mineral Cantik\n Bola Mata Redup\n Tudung Mencurigakan\n\n_*event summer*_\n*Venomsch* (Lv 112)\nUnsur: air\nPeta: Saluran Bawah Tanah Ultimea: Selatan\nDrop:\n CSPD+100\n Jarum Beracun\n Racun Katak\n Lidah Kuat\n event drop summer shell \n\n*~Malaikat Gelembung* (Biru) (Lv 143)\nUnsur: Air\nPeta: Kuil Para Dewa: Area 2\nDrop:\n Cincin Prisma \n Halo Terputus\n Kain Berkilau Misterius\n Kerikil Dewa\n event drop summer shell","single","","","b","","","","","0","","","","","","","","seconds","0","0","","",,,,,,,,,,
"/spot farm spina","none","HeeÔΩ°‚Å†‚óï‚Å†‚Äø‚Å†‚óï‚Å†ÔΩ° Kamu membutuhkan material Spina ya biar jadi sultan, tenang Nezu akan kasih tau tempatnya (‚Å† ò‚Å†·¥ó‚Å† ò‚Å†‚úø‚Å†)\n\n_*Jual di papan atau toserba kedai guild*_\n*~Malaikat Gelembung* (Biru) (Lv 143)\nUnsur: Air\nPeta: Kuil Para Dewa: Area 2\nDrop:\n Cincin Prisma \n Halo Terputus\n Kain Berkilau Misterius\n Kerikil Dewa\n\n*~Ivy* (Lv 151)\nUnsur: Bumi\nPeta: Kuil Naga Kegelapan: Tengah\nDrop:\n Sulur Rambat\n Batang Tebal Muda\n Kentang\n Panah Duri\n\n*~Laduro* (Lv 217)\nUnsur: Bumi\nPeta: Terowongan Cobaan\nDrop:\n Kain Maling\n Mineral Cantik\n Bola Mata Redup\n Tudung Mencurigakan\n\n*~Lettacia* (Lv 220)\nUnsur: Bumi\nPeta: Depan Boma Konda\nDrop:\n Daun Kepala\n Ekor Spiral\n Air Mata Saponin\n Jepit Rambut Schmet","single","","","b","","","","","0","","","","","","","","seconds","0","0","","",,,,,,,,,,
"lvlg 1","none","lvl 1-25\nShell Mask \nUnsur: Bumi bumi\nPeta: Gunung Nisel: Lereng","single","","","b","","","","","0","","","","","","","","seconds","0","0","","",,,,,,,,,,
"lvlg 10","none","lvl 1-25\nShell Mask \nUnsur: Bumi bumi\nPeta: Gunung Nisel: Lereng","single","","","b","","","","","0","","","","","","","","seconds","0","0","","",,,,,,,,,,
"lvlg 15","none","lvl 1-25\nShell Mask \nUnsur: Bumi bumi\nPeta: Gunung Nisel: Lereng","single","","","b","","","","","0","","","","","","","","seconds","0","0","","",,,,,,,,,,
"lvlg 20","none","lvl 1-25\nShell Mask \nUnsur: Bumi bumi\nPeta: Gunung Nisel: Lereng","single","","","b","","","","","0","","","","","","","","seconds","0","0","","",,,,,,,,,,
"lvlg 25","none","lvl 1-25\nShell Mask \nUnsur: Bumi bumi\nPeta: Gunung Nisel: Lereng","single","","","b","","","","","0","","","","","","","","seconds","0","0","","",,,,,,,,,,
"lvlg 26","none","lvl 25-32\nPova \nUnsur: Bumi\nPeta: Ngarai Lonogo","single","","","b","","","","","0","","","","","","","","seconds","0","0","","",,,,,,,,,,
"lvlg 30","none","lvl 25-32\nPova \nUnsur: Bumi\nPeta: Ngarai Lonogo","single","","","b","","","","","0","","","","","","","","seconds","0","0","","",,,,,,,,,,
"lvlg 35","none","lvl 35-55\nBone Dragonewt \nUnsur: Gelap\nPeta: Makam Ratu Kuno: Area 2","single","","","b","","","","","0","","","","","","","","seconds","0","0","","",,,,,,,,,,
"lvlg 40","none","lvl 35-55\nBone Dragonewt \nUnsur: Gelap\nPeta: Makam Ratu Kuno: Area 2","single","","","b","","","","","0","","","","","","","","seconds","0","0","","",,,,,,,,,,
"lvlg 45","none","lvl 35-55\nBone Dragonewt \nUnsur: Gelap\nPeta: Makam Ratu Kuno: Area 2","single","","","b","","","","","0","","","","","","","","seconds","0","0","","",,,,,,,,,,
"lvlg 50","none","lvl 35-55\nBone Dragonewt \nUnsur: Gelap\nPeta: Makam Ratu Kuno: Area 2","single","","","b","","","","","0","","","","","","","","seconds","0","0","","",,,,,,,,,,
"lvlg 55","none","lvl 35-55\nBone Dragonewt \nUnsur: Gelap\nPeta: Makam Ratu Kuno: Area 2","single","","","b","","","","","0","","","","","","","","seconds","0","0","","",,,,,,,,,,
"lvlg 56","none","lvl 55-63\nFlare Volg (Hard) \nUnsur: Api\nPeta: Lereng Merapi: Jejak lava","single","","","b","","","","","0","","","","","","","","seconds","0","0","","",,,,,,,,,,
"lvlg 60","none","lvl 55-63\nFlare Volg (Hard) \nUnsur: Api\nPeta: Lereng Merapi: Jejak lava","single","","","b","","","","","0","","","","","","","","seconds","0","0","","",,,,,,,,,,
"lvlg 63","none","lvl 63-75\nFlare Volg (Nightmare) \nUnsur: Api\nPeta: Lereng Merapi: Jejak lava","single","","","b","","","","","0","","","","","","","","seconds","0","0","","",,,,,,,,,,
"lvlg 65","none","lvl 63-75\nFlare Volg (Nightmare) \nUnsur: Api\nPeta: Lereng Merapi: Jejak lava","single","","","b","","","","","0","","","","","","","","seconds","0","0","","",,,,,,,,,,
"lvlg 70","none","lvl 63-75\nFlare Volg (Nightmare) \nUnsur: Api\nPeta: Lereng Merapi: Jejak lava","single","","","b","","","","","0","","","","","","","","seconds","0","0","","",,,,,,,,,,
"lvlg 75","none","lvl 63-75\nFlare Volg (Nightmare) \nUnsur: Api\nPeta: Lereng Merapi: Jejak lava","single","","","b","","","","","0","","","","","","","","seconds","0","0","","",,,,,,,,,,
"lvlg 76","none","lvl 75-85\nPendekar Bertopeng (Hard)\nUnsur: Api\nPeta: Tanah Pertanian: Tanah Tinggi","single","","","b","","","","","0","","","","","","","","seconds","0","0","","",,,,,,,,,,
"lvlg 80","none","lvl 75-85\nPendekar Bertopeng (Hard)\nUnsur: Api\nPeta: Tanah Pertanian: Tanah Tinggi","single","","","b","","","","","0","","","","","","","","seconds","0","0","","",,,,,,,,,,
"lvlg 85","none","lvl 75-85\nPendekar Bertopeng (Hard)\nUnsur: Api\nPeta: Tanah Pertanian: Tanah Tinggi","single","","","b","","","","","0","","","","","","","","seconds","0","0","","",,,,,,,,,,
"lvlg 86","none","lvl 85-95\nPendekar Bertopeng (Nightmare)\nUnsur: Api\nPeta: Tanah Pertanian: Tanah Tinggi","single","","","b","","","","","0","","","","","","","","seconds","0","0","","",,,,,,,,,,
"lvlg 90","none","lvl 85-95\nPendekar Bertopeng (Nightmare)\nUnsur: Api\nPeta: Tanah Pertanian: Tanah Tinggi","single","","","b","","","","","0","","","","","","","","seconds","0","0","","",,,,,,,,,,
"lvlg 95","none","lvl 85-95\nPendekar Bertopeng (Nightmare)\nUnsur: Api\nPeta: Tanah Pertanian: Tanah Tinggi","single","","","b","","","","","0","","","","","","","","seconds","0","0","","",,,,,,,,,,
"lvlg 96","none","lvl 95-112\nDon Yeti (mini boss)\nUnsur: Bumi\nPeta: Lembah Es Polde","single","","","b","","","","","0","","","","","","","","seconds","0","0","","",,,,,,,,,,
"lvlg 100","none","lvl 95-112\nDon Yeti (mini boss)\nUnsur: Bumi\nPeta: Lembah Es Polde","single","","","b","","","","","0","","","","","","","","seconds","0","0","","",,,,,,,,,,
"lvlg 105","none","lvl 95-112\nDon Yeti (mini boss)\nUnsur: Bumi\nPeta: Lembah Es Polde","single","","","b","","","","","0","","","","","","","","seconds","0","0","","",,,,,,,,,,
"lvlg 112","none","lvl 112-115\nPendekar Bertopeng (Ultimate)\nUnsur: Api\nPeta: Tanah Pertanian: Tanah Tinggi","single","","","b","","","","","0","","","","","","","","seconds","0","0","","",,,,,,,,,,
"lvlg 115","none","lvl 112-115\nPendekar Bertopeng (Ultimate)\nUnsur: Api\nPeta: Tanah Pertanian: Tanah Tinggi","single","","","b","","","","","0","","","","","","","","seconds","0","0","","",,,,,,,,,,
"lvlg 116","none","lvl 115-120\nCerberus (Nightmare) \nUnsur: Air\nPeta: Mata Air Kelahiran: Puncak","single","","","b","","","","","0","","","","","","","","seconds","0","0","","",,,,,,,,,,
"lvlg 120","none","lvl 115-120\nCerberus (Nightmare) \nUnsur: Air\nPeta: Mata Air Kelahiran: Puncak","single","","","b","","","","","0","","","","","","","","seconds","0","0","","",,,,,,,,,,
"lvlg 125","none","lvl 120-130\nDukun Lapin (mini boss)\nUnsur: Netral\nPeta: Sungai Kegelapan","single","","","b","","","","","0","","","","","","","","seconds","0","0","","",,,,,,,,,,
"lvlg 130","none","lvl 120-130\nDukun Lapin (mini boss)\nUnsur: Netral\nPeta: Sungai Kegelapan","single","","","b","","","","","0","","","","","","","","seconds","0","0","","",,,,,,,,,,
"lvlg 131","none","lvl 130-145\nCerberus (Ultimate) \nUnsur: Air\nPeta: Mata Air Kelahiran: Puncak","single","","","b","","","","","0","","","","","","","","seconds","0","0","","",,,,,,,,,,
"lvlg 135","none","lvl 130-145\nCerberus (Ultimate) \nUnsur: Air\nPeta: Mata Air Kelahiran: Puncak","single","","","b","","","","","0","","","","","","","","seconds","0","0","","",,,,,,,,,,
"lvlg 140","none","lvl 130-145\nCerberus (Ultimate) \nUnsur: Air\nPeta: Mata Air Kelahiran: Puncak","single","","","b","","","","","0","","","","","","","","seconds","0","0","","",,,,,,,,,,
"lvlg 145","none","lvl 130-145\nCerberus (Ultimate) \nUnsur: Air\nPeta: Mata Air Kelahiran: Puncak","single","","","b","","","","","0","","","","","","","","seconds","0","0","","",,,,,,,,,,
"lvlg 146","none","lvl 145-150\nJamur Super Mampus (mini boss)\nUnsur: Gelap\nPeta: Hutan Monster: Jalan Hewan","single","","","b","","","","","0","","","","","","","","seconds","0","0","","",,,,,,,,,,
"lvlg 150","none","lvl 145-150\nJamur Super Mampus (mini boss)\nUnsur: Gelap\nPeta: Hutan Monster: Jalan Hewan","single","","","b","","","","","0","","","","","","","","seconds","0","0","","",,,,,,,,,,
"lvlg 151","none","lvl 150-163\nKomandan Golem (mini boss)\nUnsur: Gelap\nPeta: Mansion Lufenas: Pintu Masuk","single","","","b","","","","","0","","","","","","","","seconds","0","0","","",,,,,,,,,,
"lvlg 155","none","lvl 150-163\nKomandan Golem (mini boss)\nUnsur: Gelap\nPeta: Mansion Lufenas: Pintu Masuk","single","","","b","","","","","0","","","","","","","","seconds","0","0","","",,,,,,,,,,
"lvlg 160","none","lvl 150-163\nKomandan Golem (mini boss)\nUnsur: Gelap\nPeta: Mansion Lufenas: Pintu Masuk","single","","","b","","","","","0","","","","","","","","seconds","0","0","","",,,,,,,,,,
"lvlg 163","none","lvl 150-163\nKomandan Golem (mini boss)\nUnsur: Gelap\nPeta: Mansion Lufenas: Pintu Masuk","single","","","b","","","","","0","","","","","","","","seconds","0","0","","",,,,,,,,,,
"lvlg 164","none","lvl 163-178\nVenena Coenubia (Nightmare)\nUnsur: Api\nPeta: Istana Ultimea: Takhta","single","","","b","","","","","0","","","","","","","","seconds","0","0","","",,,,,,,,,,
"lvlg 165","none","lvl 163-178\nVenena Coenubia (Nightmare)\nUnsur: Api\nPeta: Istana Ultimea: Takhta","single","","","b","","","","","0","","","","","","","","seconds","0","0","","",,,,,,,,,,
"lvlg 170","none","lvl 163-178\nVenena Coenubia (Nightmare)\nUnsur: Api\nPeta: Istana Ultimea: Takhta","single","","","b","","","","","0","","","","","","","","seconds","0","0","","",,,,,,,,,,
"lvlg 178","none","lvl 163-178\nVenena Coenubia (Nightmare)\nUnsur: Api\nPeta: Istana Ultimea: Takhta","single","","","b","","","","","0","","","","","","","","seconds","0","0","","",,,,,,,,,,
"lvlg 179","none","lvl 178-183\nAltoblepas (mini boss)\nUnsur: Netral\nPeta: Dataran Rokoko","single","","","b","","","","","0","","","","","","","","seconds","0","0","","",,,,,,,,,,
"lvlg 180","none","lvl 178-183\nAltoblepas (mini boss)\nUnsur: Netral\nPeta: Dataran Rokoko","single","","","b","","","","","0","","","","","","","","seconds","0","0","","",,,,,,,,,,
"lvlg 183","none","lvl 178-183\nAltoblepas (mini boss)\nUnsur: Netral\nPeta: Dataran Rokoko","single","","","b","","","","","0","","","","","","","","seconds","0","0","","",,,,,,,,,,
"lvlg 184","none","lvl 183-200\nVenena Coenubia (Ultimate)\nUnsur: Api\nPeta: Istana Ultimea: Takhta","single","","","b","","","","","0","","","","","","","","seconds","0","0","","",,,,,,,,,,
"lvlg 185","none","lvl 183-200\nVenena Coenubia (Ultimate)\nUnsur: Api\nPeta: Istana Ultimea: Takhta","single","","","b","","","","","0","","","","","","","","seconds","0","0","","",,,,,,,,,,
"lvlg 190","none","lvl 183-200\nVenena Coenubia (Ultimate)\nUnsur: Api\nPeta: Istana Ultimea: Takhta","single","","","b","","","","","0","","","","","","","","seconds","0","0","","",,,,,,,,,,
"lvlg 195","none","lvl 183-200\nVenena Coenubia (Ultimate)\nUnsur: Api\nPeta: Istana Ultimea: Takhta","single","","","b","","","","","0","","","","","","","","seconds","0","0","","",,,,,,,,,,
"lvlg 199","none","lvl 183-200\nVenena Coenubia (Ultimate)\nUnsur: Api\nPeta: Istana Ultimea: Takhta","single","","","b","","","","","0","","","","","","","","seconds","0","0","","",,,,,,,,,,
"lvlg 200","none","lvl 183-200\nVenena Coenubia (Ultimate)\nUnsur: Api\nPeta: Istana Ultimea: Takhta","single","","","b","","","","","0","","","","","","","","seconds","0","0","","",,,,,,,,,,
"lvlg 201","none","lvl 200-215\nFinstern si Naga Kegelapan (Ultimate)\nUnsur: Gelap\nPeta: Kuil Naga Kegelapan: Dekat Puncak<#>Alternatif\n200-215\nNemopirania (mini boss)\nUnsur:cahaya\nPeta: Distrik Recetacula: area 1","all","","","b","","","","","0","","","","","","","","seconds","0","0","","",,,,,,,,,,
"lvlg 205","none","lvl 200-215\nFinstern si Naga Kegelapan (Ultimate)\nUnsur: Gelap\nPeta: Kuil Naga Kegelapan: Dekat Puncak<#>Alternatif\n200-215\nNemopirania (mini boss)\nUnsur:cahaya\nPeta: Distrik Recetacula: area 1","all","","","b","","","","","0","","","","","","","","seconds","0","0","","",,,,,,,,,,
"lvlg 210","none","lvl 200-215\nFinstern si Naga Kegelapan (Ultimate)\nUnsur: Gelap\nPeta: Kuil Naga Kegelapan: Dekat Puncak<#>Alternatif\n200-215\nNemopirania (mini boss)\nUnsur:cahaya\nPeta: Distrik Recetacula: area 1","all","","","b","","","","","0","","","","","","","","seconds","0","0","","",,,,,,,,,,
"lvlg 215","none","lvl 200-215\nFinstern si Naga Kegelapan (Ultimate)\nUnsur: Gelap\nPeta: Kuil Naga Kegelapan: Dekat Puncak<#>Alternatif\n200-215\nNemopirania (mini boss)\nUnsur:cahaya\nPeta: Distrik Recetacula: area 1","all","","","b","","","","","0","","","","","","","","seconds","0","0","","",,,,,,,,,,
"lvlg 216","none","lvl 215-225\nKuzto (Ultimate)\nUnsur: Bumi\nPeta: Distrik Labilans: Alun-alun<#>alternatif \nlvl 215-230\nRoh Orang Mati (mini boss)\nUnsur: Gelap\nPeta: Lembah Arche: Area 1","all","","","b","","","","","0","","","","","","","","seconds","0","0","","",,,,,,,,,,
"lvlg 220","none","lvl 215-225\nKuzto (Ultimate)\nUnsur: Bumi\nPeta: Distrik Labilans: Alun-alun<#>alternatif \nlvl 215-230\nRoh Orang Mati (mini boss)\nUnsur: Gelap\nPeta: Lembah Arche: Area 1","all","","","b","","","","","0","","","","","","","","seconds","0","0","","",,,,,,,,,,
"lvlg 225","none","lvl 215-225\nKuzto (Ultimate)\nUnsur: Bumi\nPeta: Distrik Labilans: Alun-alun<#>alternatif \nlvl 215-230\nRoh Orang Mati (mini boss)\nUnsur: Gelap\nPeta: Lembah Arche: Area 1","all","","","b","","","","","0","","","","","","","","seconds","0","0","","",,,,,,,,,,
"lvlg 226","none","lvl 225-230\nGravicep (Ultimate)\nUnsur: Netral\nPeta: Distrik Recetacula: Atap Depot<#>alternatif \nlvl 215-230\nRoh Orang Mati (mini boss)\nUnsur: Gelap\nPeta: Lembah Arche: Area 1\n\nlvl 230-240\nRhinosaurus (mini boss)\nUnsur: Bumi\nPeta: Rawa Danau Pelarian: Area 3","all","","","b","","","","","0","","","","","","","","seconds","0","0","","",,,,,,,,,,
"lvlg 227","none","lvl 225-230\nGravicep (Ultimate)\nUnsur: Netral\nPeta: Distrik Recetacula: Atap Depot<#>alternatif \nlvl 215-230\nRoh Orang Mati (mini boss)\nUnsur: Gelap\nPeta: Lembah Arche: Area 1\n\nlvl 230-240\nRhinosaurus (mini boss)\nUnsur: Bumi\nPeta: Rawa Danau Pelarian: Area 3","all","","","b","","","","","0","","","","","","","","seconds","0","0","","",,,,,,,,,,
"lvlg 230","none","lvl 225-230\nGravicep (Ultimate)\nUnsur: Netral\nPeta: Distrik Recetacula: Atap Depot<#>alternatif \nlvl 215-230\nRoh Orang Mati (mini boss)\nUnsur: Gelap\nPeta: Lembah Arche: Area 1\n\nlvl 230-240\nRhinosaurus (mini boss)\nUnsur: Bumi\nPeta: Rawa Danau Pelarian: Area 3","all","","","b","","","","","0","","","","","","","","seconds","0","0","","",,,,,,,,,,
"lvlg 231","none","lvl 229-245\nArachnidemon (Ultimate)\nUnsur: Gelap\nPeta: Lembah Arche: Area Terdalam<#>alternatif\nlvl 230-240\nRhinosaurus (mini boss)\nUnsur: Bumi\nPeta: Rawa Danau Pelarian: Area 3\n\nlvl 229-230\nBullamius (mini boss)\nUnsur: Bumi\nPeta: Gudang Material: Area 2","all","","","b","","","","","0","","","","","","","","seconds","0","0","","",,,,,,,,,,
"lvlg 235","none","lvl 229-245\nArachnidemon (Ultimate)\nUnsur: Gelap\nPeta: Lembah Arche: Area Terdalam<#>alternatif\nlvl 230-240\nRhinosaurus (mini boss)\nUnsur: Bumi\nPeta: Rawa Danau Pelarian: Area 3\n\nlvl 229-230\nBullamius (mini boss)\nUnsur: Bumi\nPeta: Gudang Material: Area 2","all","","","b","","","","","0","","","","","","","","seconds","0","0","","",,,,,,,,,,
"lvlg 240","none","lvl 229-245\nArachnidemon (Ultimate)\nUnsur: Gelap\nPeta: Lembah Arche: Area Terdalam<#>alternatif\nlvl 230-240\nRhinosaurus (mini boss)\nUnsur: Bumi\nPeta: Rawa Danau Pelarian: Area 3\n\nlvl 229-230\nBullamius (mini boss)\nUnsur: Bumi\nPeta: Gudang Material: Area 2","all","","","b","","","","","0","","","","","","","","seconds","0","0","","",,,,,,,,,,
"lvlg 245","none","lvl 229-245\nArachnidemon (Ultimate)\nUnsur: Gelap\nPeta: Lembah Arche: Area Terdalam<#>alternatif\nlvl 230-240\nRhinosaurus (mini boss)\nUnsur: Bumi\nPeta: Rawa Danau Pelarian: Area 3\n\nlvl 229-230\nBullamius (mini boss)\nUnsur: Bumi\nPeta: Gudang Material: Area 2","all","","","b","","","","","0","","","","","","","","seconds","0","0","","",,,,,,,,,,
"lvlg 246","none","lvl 245-250\nGemma (Ultimate)\nUnsur: Api\nPeta: Rawa Danau Pelarian : Ujung","single","","","b","","","","","0","","","","","","","","seconds","0","0","","",,,,,,,,,,
"lvlg 250","none","lvl 245-250\nGemma (Ultimate)\nUnsur: Api\nPeta: Rawa Danau Pelarian : Ujung<#>lvl 245-260\nFerzen si Naga Batu (Ultimate)\nUnsur: Bumi\nPeta: Hutan Lindung: Pohon Raksasa","all","","","b","","","","","0","","","","","","","","seconds","0","0","","",,,,,,,,,,
"lvlg 251","none","lvl 245-260\nFerzen si Naga Batu (Ultimate)\nUnsur: Bumi\nPeta: Hutan Lindung: Pohon Raksasa","single","","","b","","","","","0","","","","","","","","seconds","0","0","","",,,,,,,,,,
"lvlg 255","none","lvl 245-260\nFerzen si Naga Batu (Ultimate)\nUnsur: Bumi\nPeta: Hutan Lindung: Pohon Raksasa<#>lvl 260-265\nNaga Penyamar Mimyugon (Nightmare) \nUnsur: Bumi\nPeta: Zona Kemudi: Area Kokpit","all","","","b","","","","","0","","","","","","","","seconds","0","0","","",,,,,,,,,,
"lvlg 260","none","lvl 245-260\nFerzen si Naga Batu (Ultimate)\nUnsur: Bumi\nPeta: Hutan Lindung: Pohon Raksasa<#>lvl 260-265\nNaga Penyamar Mimyugon (Nightmare) \nUnsur: Bumi\nPeta: Zona Kemudi: Area Kokpit","all","","","b","","","","","0","","","","","","","","seconds","0","0","","",,,,,,,,,,
"lvlg 265","none","lvl 260-265\nNaga Penyamar Mimyugon (Nightmare) \nUnsur: Bumi\nPeta: Zona Kemudi: Area Kokpit","single","","","b","","","","","0","","","","","","","","seconds","0","0","","",,,,,,,,,,
"lvlg 5","none","lvl 1-25\nShell Mask \nUnsur: Bumi bumi\nPeta: Gunung Nisel: Lereng","single","","","b","","","","","0","","","","","","","","seconds","0","0","","",,,,,,,,,,
"%Pesan_sambutan%","welcome","Hii ! Dengan bot Nezu (‚Å† ò‚Å†·¥ó‚Å† ò‚Å†‚úø‚Å†)\n\nTanya Nezu bot dengan ketik *""Hi Nezubot""* jika sudah paham lanjut ke menu\nketikkan */menu utama*\nohiya jika aku tidak menjawab berarti keyword km salah atau tidak tersedia jawaban yaa","single","","","b","","","","","0","","","","","","","","seconds","0","0","","",,,,,,,,,,
"nezu ada member baru","none","Woah Iyah kak  ï‚Å†„Å£‚Å†‚Ä¢‚Å†·¥•‚Å†‚Ä¢‚Å† î‚Å†„Å£\nSelamat datang member baru di guild(‚Å† ò‚Å†·¥ó‚Å† ò‚Å†‚úø‚Å†)\nyuk kenalan dlu *Nezu bot* siap membantu (‚Å†‚âß‚Å†‚ñΩ‚Å†‚â¶‚Å†) \nSilakan copas dan isi nama IGN Kaka di bawah yaa<#>Haloo salken semua aku member baru\nIGN Name:\nAsal           :\nUmur         :\nPacar        :\nHobi          :\nBuff land  :\nTerimakasih semua sudah di izinkan gabung guild","all","","","b","","","","","0","","","","","","","","seconds","0","0","","",,,,,,,,,,
"Haloo salken semua aku member baru\nIGN Name:\nAsal           :\nUmur         :\nPacar        :\nHobi          :\nBuff land  :\nTerimakasih semua sudah di izinkan gabung guild","similar","Yoo salken Kak %name% semoga betah di guild yaa<#>Ka di sini juga ada bot guild yaitu Nezu (‚Å†‚óç‚Å†‚Ä¢‚Å†·¥ó‚Å†‚Ä¢‚Å†‚óç‚Å†)‚Å†‚ù§\nCara aktifkan bot nezu cukup ketik\n*""Hi Nezubot""*\nNanti bakal ada di pandu untuk seterusnyaÔºº‚Å†(‚Å†^‚Å†o‚Å†^‚Å†)‚Å†Ôºè","all","","","b","","","","","0","","","","","","","","seconds","0","0","","",,,,,,,,,,
"cara sambut anggota baru","none","Fitur ini buat menyambut anggota baru di grup dengan ketikan\n\n*""Nezu ada member baru""*\n\nOtomatis bot nezu akan menyambut nya \n‚ö†Ô∏ètidak boleh di spam chat nya cukup satu kali saja‚ö†Ô∏è\nJika di lakukan spam akan terulang kembali","single","","","b","","","","","0","","","","","","","","seconds","0","0","","",,,,,,,,,,
